{"cameraMode":{"drawMode":0,"name":"Shaded","section":"Shading Mode"},"sceneLighting":true,"audioPlay":false,"sceneViewState":{"m_AlwaysRefresh":false,"showFog":true,"showSkybox":true,"showFlares":true,"showImageEffects":true,"showParticleSystems":true,"showVisualEffectGraphs":true,"m_FxEnabled":true},"in2DMode":false,"pivot":{"x":-4.010729789733887,"y":4.01973819732666,"z":-22.59827995300293},"rotation":{"x":0.0009020882425829768,"y":-0.9972554445266724,"z":0.007451261859387159,"w":0.07550813257694245},"size":15.813629150390625,"orthographic":false}