{"cameraMode":{"drawMode":0,"name":"Shaded","section":"Shading Mode"},"sceneLighting":true,"audioPlay":false,"sceneViewState":{"m_AlwaysRefresh":false,"showFog":true,"showSkybox":true,"showFlares":true,"showImageEffects":true,"showParticleSystems":true,"showVisualEffectGraphs":true,"m_FxEnabled":true},"in2DMode":false,"pivot":{"x":-5.139798641204834,"y":4.502181529998779,"z":4.385906219482422},"rotation":{"x":-0.017480982467532159,"y":-0.8889011740684509,"z":-0.034860335290431979,"w":0.4566919803619385},"size":10.602869033813477,"orthographic":false}