{"cameraMode":{"drawMode":0,"name":"Shaded","section":"Shading Mode"},"sceneLighting":false,"audioPlay":false,"sceneViewState":{"m_AlwaysRefresh":false,"showFog":false,"showSkybox":false,"showFlares":false,"showImageEffects":false,"showParticleSystems":false,"showVisualEffectGraphs":true,"m_FxEnabled":true},"in2DMode":false,"pivot":{"x":-0.1342393457889557,"y":10.653667449951172,"z":-1.1997665166854859},"rotation":{"x":0.01191523764282465,"y":0.9841707944869995,"z":-0.16115809977054597,"w":0.07276491075754166},"size":13.209362030029297,"orthographic":false}